Sort ID,Municipality,numbered,MEDIAN HOUSEHOLD INCOME - 2014 ESTIMATE,Population_Range,PercentOfStateMedian
1,"WESTON",1.5800000000000000e+02,208078.0000,"0 to 10,000",2.9768380091274551e+00
2,"DARIEN",3.5000000000000000e+01,199444.0000,"10,000 to 30,000",2.8533169287114264e+00
3,"NEW CANAAN",9.1000000000000000e+01,179810.0000,"10,000 to 30,000",2.5724259288401838e+00
4,"WILTON",1.6200000000000000e+02,175019.0000,"10,000 to 30,000",2.5038841757392811e+00
5,"WESTPORT",1.5900000000000000e+02,151771.0000,"10,000 to 30,000",2.1712900041488434e+00
6,"RIDGEFIELD",1.1900000000000000e+02,147936.0000,"10,000 to 30,000",2.1164251276842303e+00
7,"GREENWICH",5.7000000000000000e+01,135258.0000,"30,000 to 70,000",1.9350491423339389e+00
8,"WOODBRIDGE",1.6800000000000000e+02,134045.0000,"0 to 10,000",1.9176955321249232e+00
9,"EASTON",4.7000000000000000e+01,132000.0000,"0 to 10,000",1.8884390334625674e+00
10,"REDDING",1.1800000000000000e+02,121667.0000,"0 to 10,000",1.7406114536688650e+00
11,"FAIRFIELD",5.1000000000000000e+01,120082.0000,"30,000 to 70,000",1.7179358789110002e+00
12,"DURHAM",3.8000000000000000e+01,117328.0000,"0 to 10,000",1.6785361736219402e+00
13,"AVON",4.0000000000000000e+00,116565.0000,"10,000 to 30,000",1.6676204237542740e+00
14,"SHERMAN",1.2800000000000000e+02,115442.0000,"0 to 10,000",1.6515543856135282e+00
15,"MARLBOROUGH",8.0000000000000000e+01,112714.0000,"0 to 10,000",1.6125266455886351e+00
16,"KILLINGWORTH",7.1000000000000000e+01,112344.0000,"0 to 10,000",1.6072332937524143e+00
17,"SIMSBURY",1.2900000000000000e+02,109823.0000,"10,000 to 30,000",1.5711669694845420e+00
18,"BURLINGTON",2.0000000000000000e+01,109037.0000,"0 to 10,000",1.5599221734216513e+00
19,"MONROE",8.6000000000000000e+01,108688.0000,"10,000 to 30,000",1.5549292550680267e+00
20,"NEWTOWN",9.8000000000000000e+01,108667.0000,"10,000 to 30,000",1.5546288215854305e+00
21,"TRUMBULL",1.4500000000000000e+02,108554.0000,"30,000 to 70,000",1.5530122033219360e+00
22,"MADISON",7.7000000000000000e+01,108231.0000,"10,000 to 30,000",1.5483912502324784e+00
23,"GLASTONBURY",5.4000000000000000e+01,108157.0000,"10,000 to 30,000",1.5473325798652342e+00
24,"CHESHIRE",2.5000000000000000e+01,107716.0000,"10,000 to 30,000",1.5410234767307114e+00
25,"TOLLAND",1.4300000000000000e+02,107290.0000,"10,000 to 30,000",1.5349289689409005e+00
26,"BROOKFIELD",1.8000000000000000e+01,106920.0000,"10,000 to 30,000",1.5296356171046797e+00
27,"ORANGE",1.0800000000000000e+02,105190.0000,"10,000 to 30,000",1.5048856206812686e+00
28,"SALEM",1.2200000000000000e+02,104583.0000,"0 to 10,000",1.4962016623986036e+00
29,"HEBRON",6.8000000000000000e+01,101974.0000,"0 to 10,000",1.4588763787750898e+00
30,"NEW FAIRFIELD",9.2000000000000000e+01,101750.0000,"10,000 to 30,000",1.4556717549607290e+00
31,"MIDDLEFIELD",8.3000000000000000e+01,100694.0000,"0 to 10,000",1.4405642426930285e+00
32,"PROSPECT",1.1600000000000000e+02,100592.0000,"0 to 10,000",1.4391049943489893e+00
33,"GRANBY",5.6000000000000000e+01,100262.0000,"0 to 10,000",1.4343838967653328e+00
34,"WARREN",1.5000000000000000e+02,100250.0000,"0 to 10,000",1.4342122204895635e+00
35,"GUILFORD",6.1000000000000000e+01,99441.0000,"10,000 to 30,000",1.4226383782314482e+00
36,"HADDAM",6.2000000000000000e+01,99010.0000,"0 to 10,000",1.4164723386600666e+00
37,"COLCHESTER",2.8000000000000000e+01,98899.0000,"10,000 to 30,000",1.4148843331092005e+00
38,"OXFORD",1.0900000000000000e+02,98504.0000,"0 to 10,000",1.4092333223651268e+00
39,"BETHANY",8.0000000000000000e+00,97500.0000,"0 to 10,000",1.3948697406257600e+00
40,"ANDOVER",1.0000000000000000e+00,97426.0000,"0 to 10,000",1.3938110702585158e+00
41,"EAST HAMPTON",4.1000000000000000e+01,96066.0000,"10,000 to 30,000",1.3743544256713258e+00
42,"MIDDLEBURY",8.2000000000000000e+01,95320.0000,"0 to 10,000",1.3636818838609994e+00
43,"SOMERS",1.3000000000000000e+02,95139.0000,"0 to 10,000",1.3610924333681456e+00
44,"SUFFIELD",1.4000000000000000e+02,94610.0000,"10,000 to 30,000",1.3535243708779812e+00
45,"SOUTH WINDSOR",1.3100000000000000e+02,94217.0000,"10,000 to 30,000",1.3479019728465358e+00
46,"COLUMBIA",3.0000000000000000e+01,93953.0000,"0 to 10,000",1.3441250947796106e+00
47,"BRIDGEWATER",1.6000000000000000e+01,93750.0000,"0 to 10,000",1.3412209044478463e+00
48,"FRANKLIN",5.3000000000000000e+01,93636.0000,"0 to 10,000",1.3395899798280375e+00
49,"FARMINGTON",5.2000000000000000e+01,92933.0000,"10,000 to 30,000",1.3295326113392181e+00
50,"COVENTRY",3.2000000000000000e+01,92663.0000,"10,000 to 30,000",1.3256698951344081e+00
51,"HARWINTON",6.7000000000000000e+01,91802.0000,"0 to 10,000",1.3133521223479592e+00
52,"POMFRET",1.1300000000000000e+02,91625.0000,"0 to 10,000",1.3108198972803617e+00
53,"HARTLAND",6.6000000000000000e+01,91550.0000,"0 to 10,000",1.3097469205568033e+00
54,"LEBANON",7.2000000000000000e+01,90149.0000,"0 to 10,000",1.2897037153607347e+00
55,"ROXBURY",1.2100000000000000e+02,90078.0000,"0 to 10,000",1.2886879640624329e+00
56,"CANTON",2.3000000000000000e+01,89452.0000,"0 to 10,000",1.2797321850097998e+00
57,"BOLTON",1.2000000000000000e+01,88625.0000,"0 to 10,000",1.2679008283380306e+00
58,"BETHLEHEM",1.0000000000000000e+01,88616.0000,"0 to 10,000",1.2677720711312035e+00
59,"ESSEX",5.0000000000000000e+01,88550.0000,"0 to 10,000",1.2668278516144722e+00
60,"SHELTON",1.2700000000000000e+02,88369.0000,"30,000 to 70,000",1.2642384011216183e+00
61,"OLD LYME",1.0600000000000000e+02,87817.0000,"0 to 10,000",1.2563412924362294e+00
62,"BERLIN",7.0000000000000000e+00,87518.0000,"10,000 to 30,000",1.2520636918983103e+00
63,"NORTH BRANFORD",1.0000000000000000e+02,87408.0000,"10,000 to 30,000",1.2504899927037583e+00
64,"BEACON FALLS",6.0000000000000000e+00,87273.0000,"0 to 10,000",1.2485586346013533e+00
65,"LEDYARD",7.3000000000000000e+01,87101.0000,"10,000 to 30,000",1.2460979413153264e+00
66,"BETHEL",9.0000000000000000e+00,85377.0000,"10,000 to 30,000",1.2214337830298001e+00
67,"WOODBURY",1.6900000000000000e+02,84868.0000,"0 to 10,000",1.2141518476659179e+00
68,"MORRIS",8.8000000000000000e+01,84464.0000,"0 to 10,000",1.2083720797150175e+00
69,"UNION",1.4600000000000000e+02,84405.0000,"0 to 10,000",1.2075280046924848e+00
70,"ELLINGTON",4.8000000000000000e+01,84339.0000,"10,000 to 30,000",1.2065837851757535e+00
71,"SALISBURY",1.2300000000000000e+02,84141.0000,"0 to 10,000",1.2037511266255598e+00
72,"WEST HARTFORD",1.5500000000000000e+02,84092.0000,"30,000 to 70,000",1.2030501151661683e+00
73,"NORTH HAVEN",1.0200000000000000e+02,84078.0000,"10,000 to 30,000",1.2028498261777707e+00
74,"WOLCOTT",1.6700000000000000e+02,83317.0000,"10,000 to 30,000",1.1919626890227328e+00
75,"EAST HADDAM",4.0000000000000000e+01,82773.0000,"0 to 10,000",1.1841800311878568e+00
76,"PORTLAND",1.1400000000000000e+02,82770.0000,"0 to 10,000",1.1841371121189144e+00
77,"NEW HARTFORD",9.3000000000000000e+01,82245.0000,"0 to 10,000",1.1766262750540064e+00
78,"LITCHFIELD",7.5000000000000000e+01,82188.0000,"0 to 10,000",1.1758108127441023e+00
79,"BARKHAMSTED",5.0000000000000000e+00,81792.0000,"0 to 10,000",1.1701454956437145e+00
80,"EAST LYME",4.4000000000000000e+01,81711.0000,"10,000 to 30,000",1.1689866807822715e+00
81,"STONINGTON",1.3800000000000000e+02,81673.0000,"10,000 to 30,000",1.1684430392423353e+00
82,"GOSHEN",5.5000000000000000e+01,81528.0000,"0 to 10,000",1.1663686175767893e+00
83,"CANTERBURY",2.2000000000000000e+01,81496.0000,"0 to 10,000",1.1659108141747379e+00
84,"SOUTHINGTON",1.3300000000000000e+02,81285.0000,"30,000 to 70,000",1.1628921729924606e+00
85,"LISBON",7.4000000000000000e+01,80850.0000,"0 to 10,000",1.1566689079958226e+00
86,"MILFORD",8.5000000000000000e+01,80743.0000,"30,000 to 70,000",1.1551381278702126e+00
87,"CORNWALL",3.1000000000000000e+01,80234.0000,"0 to 10,000",1.1478561925063306e+00
88,"CROMWELL",3.3000000000000000e+01,80028.0000,"10,000 to 30,000",1.1449090831056239e+00
89,"WINDSOR",1.6500000000000000e+02,79244.0000,"10,000 to 30,000",1.1336928997553612e+00
90,"NEW MILFORD",9.6000000000000000e+01,79028.0000,"10,000 to 30,000",1.1306027267915135e+00
91,"NEWINGTON",9.7000000000000000e+01,79008.0000,"10,000 to 30,000",1.1303165996652313e+00
92,"COLEBROOK",2.9000000000000000e+01,78854.0000,"0 to 10,000",1.1281134207928583e+00
93,"NORTH STONINGTON",1.0300000000000000e+02,78854.0000,"0 to 10,000",1.1281134207928583e+00
94,"WATERTOWN",1.5400000000000000e+02,78767.0000,"10,000 to 30,000",1.1268687677935307e+00
95,"CHAPLIN",2.4000000000000000e+01,78750.0000,"0 to 10,000",1.1266255597361907e+00
96,"WESTBROOK",1.5700000000000000e+02,78417.0000,"0 to 10,000",1.1218615430835921e+00
97,"WETHERSFIELD",1.6000000000000000e+02,78008.0000,"10,000 to 30,000",1.1160102433511210e+00
98,"LYME",7.6000000000000000e+01,77500.0000,"0 to 10,000",1.1087426143435528e+00
99,"SEYMOUR",1.2500000000000000e+02,77465.0000,"10,000 to 30,000",1.1082418918725589e+00
100,"SCOTLAND",1.2400000000000000e+02,77344.0000,"0 to 10,000",1.1065108227585516e+00
101,"ASHFORD",3.0000000000000000e+00,77250.0000,"0 to 10,000",1.1051660252650253e+00
102,"STAMFORD",1.3600000000000000e+02,77221.0000,"70,000 & Up",1.1047511409319160e+00
103,"WASHINGTON",1.5100000000000000e+02,77125.0000,"0 to 10,000",1.1033777307257615e+00
104,"SOUTHBURY",1.3200000000000000e+02,76896.0000,"10,000 to 30,000",1.1001015751298302e+00
105,"BOZRAH",1.3000000000000000e+01,76307.0000,"0 to 10,000",1.0916751312608193e+00
106,"NORWALK",1.0400000000000000e+02,76051.0000,"70,000 & Up",1.0880127040444070e+00
107,"WALLINGFORD",1.4900000000000000e+02,75533.0000,"30,000 to 70,000",1.0806020114736978e+00
108,"ROCKY HILL",1.2000000000000000e+02,75442.0000,"10,000 to 30,000",1.0793001330491137e+00
109,"WATERFORD",1.5300000000000000e+02,75181.0000,"10,000 to 30,000",1.0755661740511309e+00
110,"VOLUNTOWN",1.4800000000000000e+02,75086.0000,"0 to 10,000",1.0742070702012905e+00
111,"OLD SAYBROOK",1.0700000000000000e+02,74896.0000,"0 to 10,000",1.0714888625016095e+00
112,"CHESTER",2.6000000000000000e+01,74063.0000,"0 to 10,000",1.0595716676919555e+00
113,"HAMPTON",6.4000000000000000e+01,73929.0000,"0 to 10,000",1.0576546159458649e+00
114,"THOMASTON",1.4100000000000000e+02,73679.0000,"0 to 10,000",1.0540780268673371e+00
115,"BLOOMFIELD",1.1000000000000000e+01,73519.0000,"10,000 to 30,000",1.0517890098570795e+00
116,"WILLINGTON",1.6100000000000000e+02,73384.0000,"0 to 10,000",1.0498576517546745e+00
117,"NORFOLK",9.9000000000000000e+01,73188.0000,"0 to 10,000",1.0470536059171089e+00
118,"EASTFORD",4.6000000000000000e+01,73173.0000,"0 to 10,000",1.0468390105723973e+00
119,"EAST WINDSOR",4.5000000000000000e+01,72866.0000,"0 to 10,000",1.0424469591839653e+00
120,"SHARON",1.2600000000000000e+02,72083.0000,"0 to 10,000",1.0312450821900170e+00
121,"STERLING",1.3700000000000000e+02,71696.0000,"0 to 10,000",1.0257085222964564e+00
122,"PLYMOUTH",1.1200000000000000e+02,71441.0000,"10,000 to 30,000",1.0220604014363581e+00
123,"EAST GRANBY",3.9000000000000000e+01,71272.0000,"0 to 10,000",1.0196426272192736e+00
124,"BRANFORD",1.4000000000000000e+01,71058.0000,"10,000 to 30,000",1.0165810669680539e+00
125,"CLINTON",2.7000000000000000e+01,71028.0000,"10,000 to 30,000",1.0161518762786306e+00
126,"WOODSTOCK",1.7000000000000000e+02,70927.0000,"0 to 10,000",1.0147069342909054e+00
127,"ENFIELD",4.9000000000000000e+01,68162.0000,"30,000 to 70,000",9.7514985908239027e-01
128,"CANAAN",2.1000000000000000e+01,68021.0000,"0 to 10,000",9.7313266284210076e-01
129,"HAMDEN",6.3000000000000000e+01,67771.0000,"30,000 to 70,000",9.6955607376357311e-01
130,"THOMPSON",1.4200000000000000e+02,67519.0000,"0 to 10,000",9.6595087197241736e-01
131,"WINDSOR LOCKS",1.6600000000000000e+02,67222.0000,"10,000 to 30,000",9.6170188414712654e-01
132,"SPRAGUE",1.3400000000000000e+02,67076.0000,"0 to 10,000",9.5961315612526643e-01
133,"PRESTON",1.1500000000000000e+02,67069.0000,"0 to 10,000",9.5951301163106772e-01
134,"MONTVILLE",8.7000000000000000e+01,67044.0000,"10,000 to 30,000",9.5915535272321495e-01
135,"STRATFORD",1.3900000000000000e+02,66451.0000,"30,000 to 70,000",9.5067168342894748e-01
136,"MANSFIELD",7.9000000000000000e+01,66404.0000,"10,000 to 30,000",9.4999928468218431e-01
137,"DANBURY",3.4000000000000000e+01,65981.0000,"30,000 to 70,000",9.4394769596131556e-01
138,"DEEP RIVER",3.6000000000000000e+01,65577.0000,"0 to 10,000",9.3816792801041504e-01
139,"KENT",6.9000000000000000e+01,64648.0000,"0 to 10,000",9.2487732299460645e-01
140,"NORTH CANAAN",1.0100000000000000e+02,63607.0000,"0 to 10,000",9.0998440607161757e-01
141,"MANCHESTER",7.8000000000000000e+01,63198.0000,"30,000 to 70,000",9.0413310633914645e-01
142,"STAFFORD",1.3500000000000000e+02,62859.0000,"10,000 to 30,000",8.9928325154866307e-01
143,"PLAINFIELD",1.1000000000000000e+02,62630.0000,"10,000 to 30,000",8.9600709595273176e-01
144,"EAST HAVEN",4.3000000000000000e+01,61435.0000,"10,000 to 30,000",8.7891100015736989e-01
145,"MIDDLETOWN",8.4000000000000000e+01,61373.0000,"30,000 to 70,000",8.7802400606589504e-01
146,"VERNON",1.4700000000000000e+02,60556.0000,"10,000 to 30,000",8.6633571295726697e-01
147,"BRISTOL",1.7000000000000000e+01,60208.0000,"30,000 to 70,000",8.6135710095995655e-01
148,"WINCHESTER",1.6300000000000000e+02,60163.0000,"10,000 to 30,000",8.6071331492582159e-01
149,"GROTON",5.9000000000000000e+01,60157.0000,"30,000 to 70,000",8.6062747678793683e-01
150,"GRISWOLD",5.8000000000000000e+01,59545.0000,"10,000 to 30,000",8.5187198672370135e-01
151,"BROOKLYN",1.9000000000000000e+01,59369.0000,"0 to 10,000",8.4935406801241786e-01
152,"NAUGATUCK",8.9000000000000000e+01,58641.0000,"30,000 to 70,000",8.3893904061574553e-01
153,"KILLINGLY",7.0000000000000000e+01,57016.0000,"10,000 to 30,000",8.1569121160531621e-01
154,"PLAINVILLE",1.1100000000000000e+02,55506.0000,"10,000 to 30,000",7.9408861357100957e-01
155,"TORRINGTON",1.4400000000000000e+02,55460.0000,"30,000 to 70,000",7.9343052118056057e-01
156,"MERIDEN",8.1000000000000000e+01,53401.0000,"30,000 to 70,000",7.6397373352980724e-01
157,"DERBY",3.7000000000000000e+01,52136.0000,"10,000 to 30,000",7.4587619279245765e-01
158,"EAST HARTFORD",4.2000000000000000e+01,50355.0000,"30,000 to 70,000",7.2039657219702713e-01
159,"WEST HAVEN",1.5600000000000000e+02,49993.0000,"30,000 to 70,000",7.1521767121131918e-01
160,"NORWICH",1.0500000000000000e+02,49695.0000,"30,000 to 70,000",7.1095437702971431e-01
161,"PUTNAM",1.1700000000000000e+02,46418.0000,"0 to 10,000",6.6407244738837468e-01
162,"ANSONIA",2.0000000000000000e+00,43144.0000,"10,000 to 30,000",6.1723343681597731e-01
163,"NEW LONDON",9.5000000000000000e+01,41230.0000,"10,000 to 30,000",5.8985107083077015e-01
164,"BRIDGEPORT",1.5000000000000000e+01,41204.0000,"70,000 & Up",5.8947910556660321e-01
165,"WATERBURY",1.5200000000000000e+02,41136.0000,"70,000 & Up",5.8850627333724370e-01
166,"WINDHAM",1.6400000000000000e+02,41019.0000,"10,000 to 30,000",5.8683242964849280e-01
167,"NEW BRITAIN",9.0000000000000000e+01,40515.0000,"70,000 & Up",5.7962202606618118e-01
168,"NEW HAVEN",9.4000000000000000e+01,37508.0000,"70,000 & Up",5.3660281262965137e-01
169,"HARTFORD",6.5000000000000000e+01,29313.0000,"70,000 & Up",4.1936222263551698e-01
